{
  "Author": "Sevii",
  "Name": "Better Housing",
  "InternalName": "ProperHousingEx",
  "AssemblyVersion": "1.2.0.0",
  "Description": "An improved housing experience. Furniture selection based on what you see, keybinds to switch modes and toggle counter and snap.",
  "ApplicableVersion": "any",
  "RepoUrl": "https://github.com/Sevii77/properhousing",
  "Tags": [
    "House",
    "Housing",
    "Furniture",
    "Select",
    "Utility"
  ],
  "DalamudApiLevel": 10,
  "LoadPriority": 0,
  "Punchline": "Furniture selection that actually works properly"
}